{"cameraMode":{"drawMode":0,"name":"Shaded","section":"Shading Mode"},"sceneLighting":true,"audioPlay":false,"sceneViewState":{"showFog":true,"showMaterialUpdate":false,"showSkybox":true,"showFlares":true,"showImageEffects":true,"showParticleSystems":true},"in2DMode":false,"pivot":{"x":642.3240356445313,"y":315.4586486816406,"z":-9.518310546875},"rotation":{"x":-0.019033487886190416,"y":0.9791136980056763,"z":-0.10943719744682312,"w":-0.17028893530368806},"size":120.73084259033203,"orthographic":false}