{"cameraMode":{"drawMode":0,"name":"Shaded","section":"Shading Mode"},"sceneLighting":false,"audioPlay":false,"sceneViewState":{"showFog":true,"showMaterialUpdate":false,"showSkybox":false,"showFlares":true,"showImageEffects":true,"showParticleSystems":true},"in2DMode":false,"pivot":{"x":2.9802322387695315e-8,"y":0.2966518700122833,"z":-0.03625711798667908},"rotation":{"x":0.06452853977680206,"y":-0.9131691455841065,"z":0.15938827395439149,"w":0.36961305141448977},"size":0.6928232312202454,"orthographic":false}