{"cameraMode":{"drawMode":0,"name":"Shaded","section":"Shading Mode"},"sceneLighting":true,"audioPlay":false,"sceneViewState":{"showFog":true,"showMaterialUpdate":false,"showSkybox":true,"showFlares":true,"showImageEffects":true,"showParticleSystems":true},"in2DMode":false,"pivot":{"x":5.724552631378174,"y":-5.968018531799316,"z":-28.673038482666017},"rotation":{"x":0.1919652670621872,"y":0.8015716671943665,"z":-0.33968812227249148,"w":0.45312178134918215},"size":12.17246150970459,"orthographic":false}