{"cameraMode":{"drawMode":0,"name":"Shaded","section":"Shading Mode"},"sceneLighting":false,"audioPlay":false,"sceneViewState":{"showFog":true,"showMaterialUpdate":false,"showSkybox":false,"showFlares":true,"showImageEffects":true,"showParticleSystems":true},"in2DMode":false,"pivot":{"x":0.0,"y":0.3619652986526489,"z":0.0005089044570922852},"rotation":{"x":-0.10678603500127793,"y":0.8625361323356628,"z":-0.20451484620571137,"w":-0.45035913586616518},"size":1.1660282611846924,"orthographic":false}