{"cameraMode":{"drawMode":0,"name":"Shaded","section":"Shading Mode"},"sceneLighting":false,"audioPlay":false,"sceneViewState":{"showFog":true,"showMaterialUpdate":false,"showSkybox":false,"showFlares":true,"showImageEffects":true,"showParticleSystems":true},"in2DMode":false,"pivot":{"x":2.263932228088379,"y":0.8987808227539063,"z":-40.53755569458008},"rotation":{"x":0.22375112771987916,"y":0.3598337769508362,"z":-0.08932871371507645,"w":0.9014126658439636},"size":2.6660282611846926,"orthographic":false}