{"cameraMode":{"drawMode":0,"name":"Shaded","section":"Shading Mode"},"sceneLighting":false,"audioPlay":false,"sceneViewState":{"showFog":true,"showMaterialUpdate":false,"showSkybox":false,"showFlares":true,"showImageEffects":true,"showParticleSystems":true},"in2DMode":false,"pivot":{"x":0.0,"y":0.3417401909828186,"z":0.11479872465133667},"rotation":{"x":0.04744725301861763,"y":-0.5903185606002808,"z":0.034692078828811648,"w":0.8050678372383118},"size":1.0339677333831788,"orthographic":false}