{"cameraMode":{"drawMode":0,"name":"Shaded","section":"Shading Mode"},"sceneLighting":false,"audioPlay":false,"sceneViewState":{"showFog":true,"showMaterialUpdate":false,"showSkybox":false,"showFlares":true,"showImageEffects":true,"showParticleSystems":true},"in2DMode":false,"pivot":{"x":0.0036771297454833986,"y":0.7879247665405273,"z":0.18635761737823487},"rotation":{"x":-0.016321200877428056,"y":-0.9447676539421082,"z":0.32393360137939455,"w":-0.04765864834189415},"size":1.9516689777374268,"orthographic":false}