{"cameraMode":{"drawMode":0,"name":"Shaded","section":"Shading Mode"},"sceneLighting":false,"audioPlay":false,"sceneViewState":{"showFog":true,"showMaterialUpdate":false,"showSkybox":false,"showFlares":true,"showImageEffects":true,"showParticleSystems":true},"in2DMode":false,"pivot":{"x":-2.354098320007324,"y":-1.2803226709365845,"z":-2.4566609859466554},"rotation":{"x":-0.08177999407052994,"y":0.9088116884231567,"z":-0.2126099020242691,"w":-0.3495669960975647},"size":2.6660282611846926,"orthographic":false}