{"cameraMode":{"drawMode":0,"name":"Shaded","section":"Shading Mode"},"sceneLighting":false,"audioPlay":false,"sceneViewState":{"showFog":true,"showMaterialUpdate":false,"showSkybox":false,"showFlares":true,"showImageEffects":true,"showParticleSystems":true},"in2DMode":false,"pivot":{"x":5.960464477539063e-8,"y":0.443821519613266,"z":0.11950254440307617},"rotation":{"x":0.03218712657690048,"y":-0.7034245133399963,"z":0.03186814859509468,"w":0.7093644738197327},"size":1.272177815437317,"orthographic":false}